{"theses":{"0":{"l":"These 1 Lorem ipsum dolor sit amet, consetetur sadipscing elitr, sed diam nonumy eirmod tempor invidunt ut labore et dolore magna aliquyam","s":"These 1","x":"Consetetur sadipscing elitr, sed diam nonumy eirmod tempor invidunt ut labore et dolore magna aliquyam er"},"1":{"l":"These 2 m dolor sit amet. Lorem ipsum dolor sit amet, consetetur sadipscing elitr, sed diam nonumy eirmod tempor invidunt ","s":"These 2","x":""},"2":{"l":"These 3 ut labore et dolore magna aliquyam erat, sed diam voluptua. At vero eos et accusam et justo duo dolores et ea rebum. Stet clita kasd gubergren, no sea takimata sanctus est Lore","s":"These 3","x":"takimata sanctus est Lorem ipsum dolor sit amet. Lorem ipsum dolor sit amet, consetetur sadipscing elitr, sed diam nonumy eirmod tempor invidunt ut labore et dolore magna aliquyam erat, sed diam voluptua."},"3":{"l":"These 4 sadipscing elitr, sed diam nonumy eirmod tempor invidunt ut labore et ","s":"These 4","x":"tetur sadipscing elitr, sed diam nonumy eirmod tempor invidunt ut labore et dolore magna aliquyam erat, sed diam voluptua. At vero eo"},"4":{"l":"These 5 elitr, sed diam nonumy eirmod tempor invidunt ut labore et dolore magna aliquyam erat, sed diam voluptua. At vero eos et accusam et just","s":"These 5","x":""},"5":{"l":"These 6 Duis autem vel eum iriure dolor in hendrerit in vulputate velit esse molestie consequat, vel i","s":"These 6","x":""},"6":{"l":"These 7 tatum zzril delenit augue duis dolore te feugait nulla facilisi","s":"These 7","x":""},"7":{"l":"These 8 invidunt ut labore et dolore magna aliquyam erat, sed diam voluptua. At vero eo","s":"These 8","x":"ipsum dolor sit amet. Lorem ipsum dolor sit amet, consetetur sadipscing elitr, sed diam nonumy eirmod tempor invidunt ut labore et dolore magna aliquyam erat, sed diam voluptua. At vero eos et accusam et justo duo dolores et ea rebum. Stet clita kasd gubergren, no sea takimata sanctus est Lorem ipsum dolor sit amet. Lorem ipsum dolor sit a"},"8":{"l":"These 9 imata sanctus est Lorem ipsum dolor sit amet. Lorem ipsum dolor sit amet, consetetur sadipscing elitr, sed diam nonumy eirmod tempor invidunt ut labore et dolore magna aliquyam erat, sed diam voluptua. At vero eos","s":"These 9","x":""},"9":{"l":"These 10 ergren, no sea takimata sanctus est Lorem ipsum dolor","s":"These 10","x":""}},"lists":{"0":{"name":"Liste X","name_x":"Liste X"},"1":{"name":"Kugelschreibär","name_x":"STIFT"},"2":{"name":"Liste Oben","name_x":"Liste Oben"},"3":{"name":"The ACKERdemikerliste","name_x":"TACKER"},"4":{"name":"Vitamin B","name_x":"Vitamin B"},"5":{"name":"Niemals nicht","name_x":"NEIN"}},"answers":{"0":{"0":{"selection":"a","statement":"Juche!"},"1":{"selection":"a","statement":"Noe."},"2":{"selection":"c","statement":""},"3":{"selection":"b","statement":""},"4":{"selection":"a","statement":""},"5":{"selection":"c","statement":""},"6":{"selection":"b","statement":""},"7":{"selection":"b","statement":""},"8":{"selection":"a","statement":""},"9":{"selection":"a","statement":""}},"1":{"0":{"selection":"c","statement":"Moep"},"1":{"selection":"b","statement":"Yay"},"2":{"selection":"a","statement":""},"3":{"selection":"a","statement":""},"4":{"selection":"a","statement":""},"5":{"selection":"b","statement":""},"6":{"selection":"a","statement":""},"7":{"selection":"c","statement":""},"8":{"selection":"c","statement":""},"9":{"selection":"a","statement":""}},"2":{"0":{"selection":"a","statement":""},"1":{"selection":"c","statement":""},"2":{"selection":"c","statement":""},"3":{"selection":"a","statement":""},"4":{"selection":"d","statement":""},"5":{"selection":"c","statement":""},"6":{"selection":"c","statement":""},"7":{"selection":"a","statement":""},"8":{"selection":"a","statement":""},"9":{"selection":"a","statement":""}},"3":{"0":{"selection":"c","statement":""},"1":{"selection":"a","statement":""},"2":{"selection":"a","statement":""},"3":{"selection":"a","statement":""},"4":{"selection":"a","statement":""},"5":{"selection":"c","statement":""},"6":{"selection":"a","statement":""},"7":{"selection":"c","statement":""},"8":{"selection":"b","statement":""},"9":{"selection":"c","statement":""}},"4":{"0":{"selection":"a","statement":""},"1":{"selection":"c","statement":""},"2":{"selection":"c","statement":""},"3":{"selection":"c","statement":""},"4":{"selection":"c","statement":""},"5":{"selection":"c","statement":""},"6":{"selection":"c","statement":""},"7":{"selection":"a","statement":""},"8":{"selection":"a","statement":""},"9":{"selection":"a","statement":""}},"5":{"0":{"selection":"a","statement":""},"1":{"selection":"a","statement":""},"2":{"selection":"c","statement":""},"3":{"selection":"b","statement":""},"4":{"selection":"c","statement":""},"5":{"selection":"c","statement":""},"6":{"selection":"c","statement":""},"7":{"selection":"c","statement":""},"8":{"selection":"a","statement":""},"9":{"selection":"a","statement":""}}}}